Workbook
Name Slicer_Item_Fat_Content: #N/A
Name Slicer_Outlet_Establishment_Year: #N/A
Name Slicer_Outlet_Location_Type1: #N/A
Name Slicer_Outlet_Size1: #N/A

Sheet Blinkit Grocery Data
A1: Item Fat Content | B1: Sr. No | C1: Item Identifier | D1: Item Type | E1: Outlet Establishment Year | F1: Outlet Identifier | G1: Outlet Location Type | H1: Outlet Size | I1: Outlet Type | J1: Item Visibility | K1: Item Weight | L1: Sales | M1: Rating | O1: Item Type | P1: Avg Weight
A2: Regular | B2: 1 | C2: FDX32 | D2: Fruits and Vegetables | E2: 2012 | F2: OUT049 | G2: Tier 1 | H2: Medium | I2: Supermarket Type1 | J2: 0.1000135 | K2: 15.1 | L2: 145.4786 | M2: 5 | O2: Fruits And Vegetables | P2: =AVERAGE(IF($D$2:$D$8524=O2,$K$2:$K$8524)) -> 12.476705
A3: Low Fat | B3: 2 | C3: NCB42 | D3: Health and Hygiene | E3: 2022 | F3: OUT018 | G3: Tier 3 | H3: Medium | I3: Supermarket Type2 | J3: 0.008596051 | K3: 11.8 | L3: 115.3492 | M3: 5 | O3: Snack Foods | P3: {=AVERAGE(IF($D$2:$D$8524=O3,$K$2:$K$8524))} -> 12.582513
A4: Regular | B4: 3 | C4: FDR28 | D4: Frozen Foods | E4: 2016 | F4: OUT046 | G4: Tier 1 | H4: Small | I4: Supermarket Type1 | J4: 0.025896485 | K4: 13.85 | L4: 165.021 | M4: 5 | O4: Household | P4: {=AVERAGE(IF($D$2:$D$8524=O4,$K$2:$K$8524))} -> 13.0162
A5: Regular | B5: 4 | C5: FDL50 | D5: Canned | E5: 2014 | F5: OUT013 | G5: Tier 3 | H5: High | I5: Supermarket Type1 | J5: 0.042277867 | K5: 12.15 | L5: 126.5046 | M5: 5 | O5: Frozen Foods | P5: {=AVERAGE(IF($D$2:$D$8524=O5,$K$2:$K$8524))} -> 12.532643
A6: Low Fat | B6: 5 | C6: DRI25 | D6: Soft Drinks | E6: 2015 | F6: OUT045 | G6: Tier 2 | H6: Small | I6: Supermarket Type1 | J6: 0.033970195 | K6: 19.6 | L6: 55.1614 | M6: 5 | O6: Dairy | P6: {=AVERAGE(IF($D$2:$D$8524=O6,$K$2:$K$8524))} -> 13.037654
A7: Low Fat | B7: 6 | C7: FDS52 | D7: Frozen Foods | E7: 2020 | F7: OUT017 | G7: Tier 2 | H7: Small | I7: Supermarket Type1 | J7: 0.005505481 | K7: 8.89 | L7: 102.4016 | M7: 5 | O7: Canned | P7: {=AVERAGE(IF($D$2:$D$8524=O7,$K$2:$K$8524))} -> 11.952194
A8: Low Fat | B8: 7 | C8: NCU05 | D8: Health and Hygiene | E8: 2011 | F8: OUT010 | G8: Tier 3 | H8: Small | I8: Grocery Store | J8: 0.098312421 | K8: 11.8 | L8: 81.4618 | M8: 5 | O8: Baking Goods | P8: {=AVERAGE(IF($D$2:$D$8524=O8,$K$2:$K$8524))} -> 11.910348
A9: Low Fat | B9: 8 | C9: NCD30 | D9: Household | E9: 2015 | F9: OUT045 | G9: Tier 2 | H9: Small | I9: Supermarket Type1 | J9: 0.026903714 | K9: 19.7 | L9: 96.0726 | M9: 5 | O9: Health and Hygiene | P9: {=AVERAGE(IF($D$2:$D$8524=O9,$K$2:$K$8524))} -> 12.748628
A10: Low Fat | B10: 9 | C10: FDW20 | D10: Fruits and Vegetables | E10: 2014 | F10: OUT013 | G10: Tier 3 | H10: High | I10: Supermarket Type1 | J10: 0.024129332 | K10: 20.75 | L10: 124.173 | M10: 5 | O10: Soft Drinks | P10: {=AVERAGE(IF($D$2:$D$8524=O10,$K$2:$K$8524))} -> 11.545866
A11: Low Fat | B11: 10 | C11: FDX25 | D11: Canned | E11: 2018 | F11: OUT027 | G11: Tier 3 | H11: Medium | I11: Supermarket Type3 | J11: 0.10156157 | K11: 10.219992 | L11: 181.9292 | M11: 5 | O11: Meat | P11: {=AVERAGE(IF($D$2:$D$8524=O11,$K$2:$K$8524))} -> 12.267822
A12: Low Fat | B12: 11 | C12: FDX21 | D12: Snack Foods | E12: 2018 | F12: OUT027 | G12: Tier 3 | H12: Medium | I12: Supermarket Type3 | J12: 0.084554569 | K12: 10.693354 | L12: 109.8912 | M12: 5 | O12: Breads | P12: {=AVERAGE(IF($D$2:$D$8524=O12,$K$2:$K$8524))} -> 10.949079
A13: Low Fat | B13: 12 | C13: NCU41 | D13: Health and Hygiene | E13: 2017 | F13: OUT035 | G13: Tier 2 | H13: Small | I13: Supermarket Type1 | J13: 0.052044976 | K13: 18.85 | L13: 192.1846 | M13: 5 | O13: Hard Drinks | P13: {=AVERAGE(IF($D$2:$D$8524=O13,$K$2:$K$8524))} -> 11.161099
A14: Low Fat | B14: 13 | C14: FDL20 | D14: Fruits and Vegetables | E14: 2022 | F14: OUT018 | G14: Tier 3 | H14: Medium | I14: Supermarket Type2 | J14: 0.12893766 | K14: 17.1 | L14: 112.3886 | M14: 5 | O14: Others | P14: {=AVERAGE(IF($D$2:$D$8524=O14,$K$2:$K$8524))} -> 13.356602
... A17: Regular | B17: 16 | C17: FDB57 | D17: Fruits and Vegetables | E17: 2017 | F17: OUT035 | G17: Tier 2 | H17: Small | I17: Supermarket Type1 | J17: 0.018801549 | K17: 20.25 | L17: 222.1772 | M17: 5 | O17: Seafood | P17: {=AVERAGE(IF($D$2:$D$8524=O17,$K$2:$K$8524))} -> 12.034916
A18: Low Fat | B18: 17 | C18: FDO23 | D18: Breads | E18: 2022 | F18: OUT018 | G18: Tier 3 | H18: Medium | I18: Supermarket Type2 | J18: 0.14702383 | K18: 17.85 | L18: 93.7436 | M18: 5
A19: Low Fat | B19: 18 | C19: NCB07 | D19: Household | E19: 2012 | F19: OUT049 | G19: Tier 1 | H19: Medium | I19: Supermarket Type1 | J19: 0.077628053 | K19: 19.2 | L19: 197.611 | M19: 5
A20: Low Fat | B20: 19 | C20: FDJ56 | D20: Fruits and Vegetables | E20: 2018 | F20: OUT027 | G20: Tier 3 | H20: Medium | I20: Supermarket Type3 | J20: 0.18251488 | K20: 10.938344 | L20: 98.77 | M20: 5 | P20: =SUM('Blinkit Grocery Data'!L2:L8524) -> 1201681.5 | R20: 1201681.5
A21: Low Fat | B21: 20 | C21: DRN47 | D21: Hard Drinks | E21: 2022 | F21: OUT018 | G21: Tier 3 | H21: Medium | I21: Supermarket Type2 | J21: 0.016895293 | K21: 12.1 | L21: 178.566 | M21: 5
A22: Regular | B22: 21 | C22: FDZ07 | D22: Fruits and Vegetables | E22: 2018 | F22: OUT027 | G22: Tier 3 | H22: Medium | I22: Supermarket Type3 | J22: 0 | K22: 10.938344 | L22: 60.2194 | M22: 5 | P22: =AVERAGE('Blinkit Grocery Data'!L2:L8524) -> 140.99278 | R22: 140.99278
A23: Low Fat | B23: 22 | C23: NCK31 | D23: Others | E23: 2018 | F23: OUT027 | G23: Tier 3 | H23: Medium | I23: Supermarket Type3 | J23: 0.026916794 | K23: 11.230178 | L23: 50.9666 | M23: 5
A24: Low Fat | B24: 23 | C24: FDJ41 | D24: Frozen Foods | E24: 2022 | F24: OUT018 | G24: Tier 3 | H24: Medium | I24: Supermarket Type2 | J24: 0.022976497 | K24: 6.85 | L24: 261.6594 | M24: 5 | P24: =COUNTA('Blinkit Grocery Data'!C2:C8524) -> 8523 | R24: =COUNTA('Blinkit Grocery Data'!E2:E8524) -> 8523
A25: Low Fat | B25: 24 | C25: DRI51 | D25: Dairy | E25: 2022 | F25: OUT018 | G25: Tier 3 | H25: Medium | I25: Supermarket Type2 | J25: 0.042413704 | K25: 17.25 | L25: 173.1764 | M25: 5
A26: Regular | B26: 25 | C26: FDC40 | D26: Dairy | E26: 2020 | F26: OUT017 | G26: Tier 2 | H26: Medium | I26: Supermarket Type1 | J26: 0.065431917 | K26: 16 | L26: 76.1986 | M26: 5
A27: Low Fat | B27: 26 | C27: FDB53 | D27: Frozen Foods | E27: 2020 | F27: OUT017 | G27: Tier 2 | H27: Medium | I27: Supermarket Type1 | J27: 0.14024121 | K27: 13.35 | L27: 150.2392 | M27: 5 | P27: =AVERAGE('Blinkit Grocery Data'!M2:M8524) -> 3.9658571 | R27: 3.9658571
A28: Low Fat | B28: 27 | C28: FDA16 | D28: Frozen Foods | E28: 2017 | F28: OUT035 | G28: Tier 2 | H28: Small | I28: Supermarket Type1 | J28: 0.033935576 | K28: 6.695 | L28: 221.9456 | M28: 5
A29: Regular | B29: 28 | C29: FDO19 | D29: Fruits and Vegetables | E29: 2018 | F29: OUT027 | G29: Tier 3 | H29: Medium | I29: Supermarket Type3 | J29: 0.016516275 | K29: 10.938344 | L29: 47.4034 | M29: 5
A30: Low Fat | B30: 29 | C30: FDO04 | D30: Frozen Foods | E30: 2016 | F30: OUT046 | G30: Tier 1 | H30: Small | I30: Supermarket Type1 | J30: 0.026537206 | K30: 16.6 | L30: 57.2614 | M30: 5
A31: Regular | B31: 30 | C31: FDL25 | D31: Breakfast | E31: 2012 | F31: OUT049 | G31: Tier 1 | H31: Medium | I31: Supermarket Type1 | J31: 0.13112847 | K31: 6.92 | L31: 93.1804 | M31: 5
A32: Low Fat | B32: 31 | C32: NCJ30 | D32: Household | E32: 2016 | F32: OUT046 | G32: Tier 1 | H32: Small | I32: Supermarket Type1 | J32: 0.080640478 | K32: 5.82 | L32: 167.779 | M32: 5
A33: Low Fat | B33: 32 | C33: NCQ41 | D33: Health and Hygiene | E33: 2014 | F33: OUT013 | G33: Tier 3 | H33: High | I33: Supermarket Type1 | J33: 0.01946418 | K33: 14.8 | L33: 196.3794 | M33: 5
A34: Low Fat | B34: 33 | C34: DRJ35 | D34: Hard Drinks | E34: 2014 | F34: OUT013 | G34: Tier 3 | H34: High | I34: Supermarket Type1 | J34: 0.046545786 | K34: 10.1 | L34: 59.9878 | M34: 5
A35: Low Fat | B35: 34 | C35: NCE31 | D35: Household | E35: 2014 | F35: OUT013 | G35: Tier 3 | H35: High | I35: Supermarket Type1 | J35: 0.18468976 | K35: 7.67 | L35: 35.4216 | M35: 5
A36: Low Fat | B36: 35 | C36: FDY09 | D36: Snack Foods | E36: 2020 | F36: OUT017 | G36: Tier 2 | H36: Medium | I36: Supermarket Type1 | J36: 0.025342692 | K36: 15.6 | L36: 174.3054 | M36: 5
A37: low fat | B37: 36 | C37: FDZ04 | D37: Frozen Foods | E37: 2014 | F37: OUT013 | G37: Tier 3 | H37: High | I37: Supermarket Type1 | J37: 0.037923509 | K37: 9.31 | L37: 61.651 | M37: 5
A38: Low Fat | B38: 37 | C38: FDY07 | D38: Fruits and Vegetables | E38: 2015 | F38: OUT045 | G38: Tier 2 | H38: Medium | I38: Supermarket Type1 | J38: 0.12184844 | K38: 11.8 | L38: 46.8402 | M38: 5
A39: Regular | B39: 38 | C39: FDO45 | D39: Snack Foods | E39: 2015 | F39: OUT045 | G39: Tier 2 | H39: Medium | I39: Supermarket Type1 | J39: 0.038029746 | K39: 13.15 | L39: 88.6856 | M39: 5
... A8524: Regular | B8524: 8523 | C8524: FDM58 | D8524: Snack Foods | E8524: 2018 | F8524: OUT027 | G8524: Tier 3 | H8524: Medium | I8524: Supermarket Type3 | J8524: 0 | K8524: 10.693354 | L8524: 112.2544 | M8524: 4

Sheet Pivot1-Outlet Type
A3: Row Labels | B3: Sum of Sales
A4: Grocery Store | B4: 151939.15
A5: Supermarket Type1 | B5: 787549.89
A6: Supermarket Type2 | B6: 131477.78
A7: Supermarket Type3 | B7: 130714.67
A8: Grand Total | B8: 1201681.5

Sheet Pivot2-Fat Content
A3: Row Labels | B3: Sum of Sales
A4: Low Fat | B4: 776319.69
A5: Regular | B5: 425361.8
A6: Grand Total | B6: 1201681.5

Sheet Pivot3 -Year Trend
A3: Row Labels | B3: Sum of Sales
A4: 2011 | B4: 78131.567
A5: 2012 | B5: 130476.86
A6: 2014 | B6: 131809.02
A7: 2015 | B7: 130942.78
A8: 2016 | B8: 132113.37
A9: 2017 | B9: 133103.91
A10: 2018 | B10: 204522.26
A11: 2020 | B11: 129103.96
A12: 2022 | B12: 131477.78
A13: Grand Total | B13: 1201681.5

Sheet Pivot4-Item Type
A3: Row Labels | B3: Sum of Sales
A4: Baking Goods | B4: 81894.736
A5: Breads | B5: 35379.12
A6: Breakfast | B6: 15596.697
A7: Canned | B7: 90706.729
A8: Dairy | B8: 101276.46
A9: Frozen Foods | B9: 118558.88
A10: Fruits and Vegetables | B10: 178124.08
A11: Hard Drinks | B11: 29334.681
A12: Health and Hygiene | B12: 68025.839
A13: Household | B13: 135976.53
A14: Meat | B14: 59449.864
A15: Others | B15: 22451.892
... A20: Grand Total | B20: 1201681.5

Sheet Pivot5-Outlet Size
A3: Row Labels | B3: Sum of Sales
A4: High | B4: 248991.59
A5: Medium | B5: 507895.74
A6: Small | B6: 444794.17
A7: Grand Total | B7: 1201681.5

Sheet Blinkit Sales Dashboard
